committed_path	git_blob_sha1	zip_member_git_blob_sha1	result
fabrication/movement-prototype-gerbers/B_Cu.gbr	3345007908cb5035419ae1377572e75bf628203d	3345007908cb5035419ae1377572e75bf628203d	PASS
fabrication/movement-prototype-gerbers/B_Mask.gbr	9cdfe6a78289ed674a8804f28b69a5e616361907	9cdfe6a78289ed674a8804f28b69a5e616361907	PASS
fabrication/movement-prototype-gerbers/B_Paste.gbr	e9d43b7c738670c6c5012d0c33fc78fc7ebcea4e	e9d43b7c738670c6c5012d0c33fc78fc7ebcea4e	PASS
fabrication/movement-prototype-gerbers/B_SilkScreen.gbr	dc627ba1d68fac9236345a0ac7ee07b74ae57d71	dc627ba1d68fac9236345a0ac7ee07b74ae57d71	PASS
fabrication/movement-prototype-gerbers/Edge_Cuts.gbr	48b813a6ddc59a0c380a0b7df7e81b962e945b43	48b813a6ddc59a0c380a0b7df7e81b962e945b43	PASS
fabrication/movement-prototype-gerbers/F_Cu.gbr	d1cd9c9ebb7ba21d93ec36bf4c8aa5a864a52afb	d1cd9c9ebb7ba21d93ec36bf4c8aa5a864a52afb	PASS
fabrication/movement-prototype-gerbers/F_Fab.gbr	d474b8a8e7f2c1719ea83ddeb6e4502e98f99c0f	d474b8a8e7f2c1719ea83ddeb6e4502e98f99c0f	PASS
fabrication/movement-prototype-gerbers/F_Mask.gbr	8016c23078f1ad91b316cee6e638f74c9804314a	8016c23078f1ad91b316cee6e638f74c9804314a	PASS
fabrication/movement-prototype-gerbers/F_Paste.gbr	88abbf8e6c17eeb9ea5e32086a4a42f6d499755e	88abbf8e6c17eeb9ea5e32086a4a42f6d499755e	PASS
fabrication/movement-prototype-gerbers/F_SilkScreen.gbr	694c6c516ffd7b72dbc1d19b73368b8d8df6a115	694c6c516ffd7b72dbc1d19b73368b8d8df6a115	PASS
fabrication/movement-prototype-gerbers/bom.csv	e0b954e3f7575d77b93dc76fc22d0d5504cd4b07	e0b954e3f7575d77b93dc76fc22d0d5504cd4b07	PASS
fabrication/movement-prototype-gerbers/drill.drl	a551afbb282a70c87effa4f666356122fc9e4b3a	a551afbb282a70c87effa4f666356122fc9e4b3a	PASS
fabrication/movement-prototype-gerbers/drill_npth.drl	b52fcca4ce2a829c861a7502d2105b73748d3d7f	b52fcca4ce2a829c861a7502d2105b73748d3d7f	PASS
fabrication/movement-prototype-gerbers/pick_and_place.csv	499e633cb2ef4a5a1ed8177071ebec2a7752b3bb	499e633cb2ef4a5a1ed8177071ebec2a7752b3bb	PASS
