scope	Local bare-metal producer and actual UF2 build; hardware NOT_RUN
ick_revision	c61e448251744a2f40ad743ebef1a027bdcd2f9d
gcc_reference	6294f1d9e7536e5ffcde09d1528c918d63abfef5
pico_sdk_2.2.0	a1438dff1d38bd9c65dbd693f0e5db4b9ae91779
tinyusb	86ad6e56c1700e85f1c5678607a762cfe3aa2f47
ick_driver_sha256	baf2479a61b51bf55616568442d33f73c2669770f88e28bfee97612919f22209
ick_cc1_sha256	587efd3085897c553b6216fa1e7293f2a55f8fd2dc7e311ea4a291a3664d3a8f
target	arm-none-eabi; Cortex-M0+ Thumb; ELF Tag_CPU_arch v6S-M
embedded_runtime	Ubuntu gcc-arm-none-eabi 13.2.rel1-2; newlib 4.4.0.20231231-2; libstdc++ 13.2.rel1-2+26; binutils 2.42-1ubuntu1+23
build	CMake 3.22.1 Ninja Release; all owned and SDK C through ICK; original GNU C++/ASM/link driver
dynamic_division_runtime_symbol	__aeabi_idiv present
sizeof_macro_division	PASS
regex_definition_renderer_firmware_agreement	PASS; 13 row-major meanings
movement_keypad.uf2_sha256	fa210705c548bdda6d0d21490c7a2abadace1526f8e7ffa25d8152e93f76c57b
phone_controls.uf2_sha256	7064e4703eb70e8c2559fde5960d060e1dbcbbe2a752e06684e7da59cc81565e
concept_separation_keypad.uf2_sha256	fa1dd6ac08f29b379db9cc134b29e3997eba17090b4ae4b9d94aae6ac59b3e71
incantation_keypad.uf2_sha256	76dbf76ea82edd538e3523cd1ee8bbfd6d3be7b4f5dd44c18df67bb9c858ab97
math_keypad.uf2_sha256	5f14a6b8b2c1c8274a8f16d71d95192e5e9bc66f37783d3f0e047583390f5447
pastebins_keypad.uf2_sha256	c6c80cc5310ea0a902146a1df5248ab10ab1600c34832213d55b8e55e0dc52fd
regex_keypad.uf2_sha256	569b40c9c6f44c4487cbf734b83ad3142be2696b88703f86f0c540b67148fcd1
signals_keypad.uf2_sha256	96c939957f6dee402bae099f38aa9c4d9d37fdb9ccab0783eb8da48424fe01e9
